{
  "experiment_name": "main_training_run",
  "timestamp": "2025-05-24T13:35:27.525680",
  "best_model": "sgd_classifier",
  "best_score": 0.4799634971509971,
  "all_models": {
    "svm_linear": {
      "model": "SVC(C=0.1, kernel='linear', max_iter=2000, probability=True, random_state=42)",
      "best_params": {
        "C": 0.1,
        "gamma": "scale",
        "kernel": "linear",
        "max_iter": 2000,
        "probability": true,
        "random_state": 42
      },
      "cv_score": 0.1203792735042735,
      "cv_std": 0.10411225430713514,
      "test_accuracy": 0.42105263157894735,
      "test_f1": 0.3951388888888889,
      "cv_folds_used": 3,
      "grid_search_results": {
        "best_score": 0.13269949840401277,
        "total_fits": 6
      }
    },
    "svm_rbf": {
      "model": "SVC(C=10.0, gamma=0.001, max_iter=2000, probability=True, random_state=42)",
      "best_params": {
        "C": 10.0,
        "gamma": 0.001,
        "kernel": "rbf",
        "max_iter": 2000,
        "probability": true,
        "random_state": 42
      },
      "cv_score": 0.2642004985754986,
      "cv_std": 0.07758979109342228,
      "test_accuracy": 0.5526315789473685,
      "test_f1": 0.48604691876750705,
      "cv_folds_used": 3,
      "grid_search_results": {
        "best_score": 0.2516564454064454,
        "total_fits": 18
      }
    },
    "random_forest": {
      "model": "RandomForestClassifier(max_depth=20, min_samples_split=10, n_estimators=200,\n                       random_state=42)",
      "best_params": {
        "bootstrap": true,
        "max_depth": 20,
        "min_samples_leaf": 1,
        "min_samples_split": 10,
        "n_estimators": 200,
        "random_state": 42
      },
      "cv_score": 0.32088039275539276,
      "cv_std": 0.03696052523166757,
      "test_accuracy": 0.4473684210526316,
      "test_f1": 0.43693977591036415,
      "cv_folds_used": 3,
      "grid_search_results": {
        "best_score": 0.33430383022774324,
        "total_fits": 216
      }
    },
    "gradient_boosting": {
      "model": "GradientBoostingClassifier(learning_rate=0.01, max_depth=7, random_state=42,\n                           subsample=0.8)",
      "best_params": {
        "learning_rate": 0.01,
        "max_depth": 7,
        "n_estimators": 100,
        "random_state": 42,
        "subsample": 0.8
      },
      "cv_score": 0.40912733100233095,
      "cv_std": 0.04078320042304136,
      "test_accuracy": 0.5263157894736842,
      "test_f1": 0.48934433621933626,
      "cv_folds_used": 3,
      "grid_search_results": {
        "best_score": 0.39685498468393204,
        "total_fits": 72
      }
    },
    "naive_bayes_multinomial": {
      "model": "MultinomialNB()",
      "best_params": {
        "alpha": 1.0,
        "fit_prior": true
      },
      "cv_score": 0.37624443052074624,
      "cv_std": 0.03889583284502163,
      "test_accuracy": 0.631578947368421,
      "test_f1": 0.6098214285714285,
      "cv_folds_used": 3,
      "grid_search_results": {
        "best_score": 0.3544477513227513,
        "total_fits": 6
      }
    },
    "naive_bayes_complement": {
      "model": "ComplementNB(norm=True)",
      "best_params": {
        "alpha": 1.0,
        "norm": true
      },
      "cv_score": 0.4584290233187292,
      "cv_std": 0.0446507926454626,
      "test_accuracy": 0.6578947368421053,
      "test_f1": 0.6257575757575757,
      "cv_folds_used": 3,
      "grid_search_results": {
        "best_score": 0.45404583842083834,
        "total_fits": 6
      }
    },
    "logistic_regression": {
      "model": "LogisticRegression(C=0.1, max_iter=3000, random_state=42)",
      "best_params": {
        "C": 0.1,
        "max_iter": 3000,
        "penalty": "l2",
        "random_state": 42,
        "solver": "lbfgs"
      },
      "cv_score": 0.24339075276575275,
      "cv_std": 0.07785278188634111,
      "test_accuracy": 0.631578947368421,
      "test_f1": 0.520698051948052,
      "cv_folds_used": 3,
      "grid_search_results": {
        "best_score": 0.20482712578749163,
        "total_fits": 3
      }
    },
    "sgd_classifier": {
      "model": "SGDClassifier(loss='log_loss', max_iter=2000, random_state=42)",
      "best_params": {
        "alpha": 0.0001,
        "learning_rate": "optimal",
        "loss": "log_loss",
        "max_iter": 2000,
        "penalty": "l2",
        "random_state": 42
      },
      "cv_score": 0.4799634971509971,
      "cv_std": 0.07625873374544107,
      "test_accuracy": 0.6578947368421053,
      "test_f1": 0.5702380952380952,
      "cv_folds_used": 3,
      "grid_search_results": {
        "best_score": 0.42437446203893575,
        "total_fits": 6
      }
    },
    "knn": {
      "model": "KNeighborsClassifier(algorithm='brute', metric='cosine', n_neighbors=3,\n                     weights='distance')",
      "best_params": {
        "algorithm": "brute",
        "metric": "cosine",
        "n_neighbors": 3,
        "weights": "distance"
      },
      "cv_score": 0.45840689811278046,
      "cv_std": 0.06339515833845244,
      "test_accuracy": 0.6578947368421053,
      "test_f1": 0.5785714285714285,
      "cv_folds_used": 3,
      "grid_search_results": {
        "best_score": 0.39834656084656084,
        "total_fits": 12
      }
    },
    "decision_tree": {
      "model": "DecisionTreeClassifier(min_samples_split=10, random_state=42)",
      "best_params": {
        "criterion": "gini",
        "max_depth": null,
        "min_samples_leaf": 1,
        "min_samples_split": 10,
        "random_state": 42
      },
      "cv_score": 0.2811973706370258,
      "cv_std": 0.06703857543120377,
      "test_accuracy": 0.42105263157894735,
      "test_f1": 0.44166666666666665,
      "cv_folds_used": 3,
      "grid_search_results": {
        "best_score": 0.2287248501551158,
        "total_fits": 96
      }
    },
    "mlp_neural_network": {
      "model": "MLPClassifier(alpha=0.001, early_stopping=True, learning_rate='adaptive',\n              max_iter=2000, random_state=42)",
      "best_params": {
        "activation": "relu",
        "alpha": 0.001,
        "early_stopping": true,
        "hidden_layer_sizes": [
          100
        ],
        "learning_rate": "adaptive",
        "max_iter": 2000,
        "random_state": 42,
        "solver": "adam",
        "validation_fraction": 0.1
      },
      "cv_score": 0.04876126732744379,
      "cv_std": 0.025878751367252806,
      "test_accuracy": 0.5263157894736842,
      "test_f1": 0.42872023809523807,
      "cv_folds_used": 3,
      "grid_search_results": {
        "best_score": 0.08335726773226775,
        "total_fits": 4
      }
    }
  },
  "ensemble_models": {
    "voting_hard": {
      "model": "VotingClassifier(estimators=[('sgd_classifier',\n                              SGDClassifier(loss='log_loss', max_iter=2000,\n                                            random_state=42)),\n                             ('naive_bayes_complement',\n                              ComplementNB(norm=True)),\n                             ('knn',\n                              KNeighborsClassifier(algorithm='brute',\n                                                   metric='cosine',\n                                                   n_neighbors=3,\n                                                   weights='distance')),\n                             ('gradient_boosting',\n                              GradientBoostingClassifier(learning_rate=0.01,\n                                                         max_depth=7,\n                                                         random_state=42,\n                                                         subsample=0.8)),\n                             ('naive_bayes_multinomial', MultinomialNB())])",
      "cv_score": 0.45467668905168906,
      "cv_std": 0.05861714853391673,
      "test_accuracy": 0.6578947368421053,
      "test_f1": 0.6218885281385281,